Resumen,Clave de incidencia,ID de la incidencia,Tipo de Incidencia,Estado,Clave del proyecto,Nombre del proyecto,Tipo de proyecto,Responsable del proyecto,ID del responsable del proyecto,Descripción del proyecto,Prioridad,Resolución,Persona asignada,ID de la persona asignada,Informador,ID del informador,Creador,ID del creador,Creada,Actualizada,Vista por Última Vez,Resuelta,Fecha de vencimiento,Votos,Descripción,Entorno,Interesados,ID de los interesados,Estimación original,Trabajo restante estimado,Tiempo Trabajado,Relación de trabajo,Σ Estimación original,Σ Trabajo restante estimado,Σ Tiempo empleado,Nivel de Seguridad,Campo personalizado (Clasificación),Campo personalizado (Color de la incidencia),Campo personalizado (Estado de verificación),Campo personalizado (Fecha de inicio),Campo personalizado (Fuente del requisito),Campo personalizado (Prioridad MoSCoW),Campo personalizado (Sesiones de agentes),Campo personalizado (Team),Campo personalizado (development),Categoría de estado,Categoría de estado cambiada,Principal,Clave principal,Parent summary
E1 — Gestión de mascotas y perfiles,KAN-1,10000,Epic,Backlog,KAN,MundiPets-PE4,software,ANDY JOHEL MENDOZA PARRAGA,712020:884f7e0f-7d28-438f-9a31-7e1967687792,,Medium,,,,ANDY JOHEL MENDOZA PARRAGA,712020:884f7e0f-7d28-438f-9a31-7e1967687792,ANDY JOHEL MENDOZA PARRAGA,712020:884f7e0f-7d28-438f-9a31-7e1967687792,09/ago/26 1:28 PM,09/ago/26 1:28 PM,,,,0,"Registro, consulta, búsqueda y publicaciones de mascotas.",,,,,,,,,,,,0|hzzzzz:,dark_teal,,,,,,,,Por hacer,09/ago/26 1:28 PM,,,
E2 — Adopción y solicitudes,KAN-2,10001,Epic,Backlog,KAN,MundiPets-PE4,software,ANDY JOHEL MENDOZA PARRAGA,712020:884f7e0f-7d28-438f-9a31-7e1967687792,,Medium,,,,ANDY JOHEL MENDOZA PARRAGA,712020:884f7e0f-7d28-438f-9a31-7e1967687792,ANDY JOHEL MENDOZA PARRAGA,712020:884f7e0f-7d28-438f-9a31-7e1967687792,09/ago/26 1:29 PM,09/ago/26 1:29 PM,,,,0,"Flujo completo de adopción, seguimiento y alertas",,,,,,,,,,,,0|i00007:,dark_teal,,,,,,,,Por hacer,09/ago/26 1:29 PM,,,
E3 — Historial médico y veterinaria,KAN-3,10002,Epic,Backlog,KAN,MundiPets-PE4,software,ANDY JOHEL MENDOZA PARRAGA,712020:884f7e0f-7d28-438f-9a31-7e1967687792,,Medium,,,,ANDY JOHEL MENDOZA PARRAGA,712020:884f7e0f-7d28-438f-9a31-7e1967687792,ANDY JOHEL MENDOZA PARRAGA,712020:884f7e0f-7d28-438f-9a31-7e1967687792,09/ago/26 1:30 PM,09/ago/26 1:30 PM,,,,0,"Historial clínico, vacunación, validación profesional",,,,,,,,,,,,0|i0000f:,dark_teal,,,,,,,,Por hacer,09/ago/26 1:30 PM,,,
E4 — Cruza y compatibilidad,KAN-4,10003,Epic,Backlog,KAN,MundiPets-PE4,software,ANDY JOHEL MENDOZA PARRAGA,712020:884f7e0f-7d28-438f-9a31-7e1967687792,,Medium,,,,ANDY JOHEL MENDOZA PARRAGA,712020:884f7e0f-7d28-438f-9a31-7e1967687792,ANDY JOHEL MENDOZA PARRAGA,712020:884f7e0f-7d28-438f-9a31-7e1967687792,09/ago/26 1:30 PM,09/ago/26 1:30 PM,,,,0,"Evaluación de compatibilidad, certificados, antecedentes genéticos",,,,,,,,,,,,0|i0000n:,dark_teal,,,,,,,,Por hacer,09/ago/26 1:30 PM,,,
"E5 — Cuenta, privacidad y comunicación",KAN-5,10004,Epic,Backlog,KAN,MundiPets-PE4,software,ANDY JOHEL MENDOZA PARRAGA,712020:884f7e0f-7d28-438f-9a31-7e1967687792,,Medium,,,,ANDY JOHEL MENDOZA PARRAGA,712020:884f7e0f-7d28-438f-9a31-7e1967687792,ANDY JOHEL MENDOZA PARRAGA,712020:884f7e0f-7d28-438f-9a31-7e1967687792,09/ago/26 1:30 PM,09/ago/26 1:30 PM,,,,0,"Identidad, privacidad, mensajería, recordatorios, eliminación de cuenta",,,,,,,,,,,,0|i0000v:,dark_teal,,,,,,,,Por hacer,09/ago/26 1:30 PM,,,
Buscar y filtrar mascotas,KAN-8,10007,Historia,Desarrollo,KAN,MundiPets-PE4,software,ANDY JOHEL MENDOZA PARRAGA,712020:884f7e0f-7d28-438f-9a31-7e1967687792,,Medium,Listo,,,ANDY JOHEL MENDOZA PARRAGA,712020:884f7e0f-7d28-438f-9a31-7e1967687792,ANDY JOHEL MENDOZA PARRAGA,712020:884f7e0f-7d28-438f-9a31-7e1967687792,09/ago/26 1:48 PM,09/ago/26 2:44 PM,,09/ago/26 2:44 PM,,0,"RF asociado: RF-04 

Caso de uso enlazado: CU-11 — Buscar mascota disponible",,ANDY JOHEL MENDOZA PARRAGA,712020:884f7e0f-7d28-438f-9a31-7e1967687792,,,,,,,,,0|i00013:,,,,"EV-07, EV-08",Should,,,,Listo,09/ago/26 2:44 PM,10000,KAN-1,E1 — Gestión de mascotas y perfiles
Publicar aviso de mascota extraviada,KAN-12,10011,Historia,Análisis,KAN,MundiPets-PE4,software,ANDY JOHEL MENDOZA PARRAGA,712020:884f7e0f-7d28-438f-9a31-7e1967687792,,Medium,,,,ANDY JOHEL MENDOZA PARRAGA,712020:884f7e0f-7d28-438f-9a31-7e1967687792,ANDY JOHEL MENDOZA PARRAGA,712020:884f7e0f-7d28-438f-9a31-7e1967687792,09/ago/26 1:57 PM,09/ago/26 2:44 PM,,,,0,"RF asociado: RF-25
Caso de uso enlazado: (sin CU asignado — requisito huérfano, reportar en matriz)",,ANDY JOHEL MENDOZA PARRAGA,712020:884f7e0f-7d28-438f-9a31-7e1967687792,,,,,,,,,0|i00017:,,,,"EV-12, EV-16",Could,,,,En curso,09/ago/26 2:44 PM,10000,KAN-1,E1 — Gestión de mascotas y perfiles
Eliminar cuenta y datos personales,KAN-31,10030,Historia,Análisis,KAN,MundiPets-PE4,software,ANDY JOHEL MENDOZA PARRAGA,712020:884f7e0f-7d28-438f-9a31-7e1967687792,,Medium,,,,ANDY JOHEL MENDOZA PARRAGA,712020:884f7e0f-7d28-438f-9a31-7e1967687792,ANDY JOHEL MENDOZA PARRAGA,712020:884f7e0f-7d28-438f-9a31-7e1967687792,09/ago/26 2:09 PM,09/ago/26 2:44 PM,09/ago/26 2:51 PM,,,0,"RF asociado: RF-26
Caso de uso enlazado: (sin CU asignado — requisito nuevo, RFC-01)",,ANDY JOHEL MENDOZA PARRAGA,712020:884f7e0f-7d28-438f-9a31-7e1967687792,,,,,,,,,0|i00019:,,,,"RL-04, RD-06",Must,,,,En curso,09/ago/26 2:44 PM,10004,KAN-5,"E5 — Cuenta, privacidad y comunicación"
"Registrar trazabilidad de cepa, lote y aplicador",KAN-22,10021,Historia,Análisis,KAN,MundiPets-PE4,software,ANDY JOHEL MENDOZA PARRAGA,712020:884f7e0f-7d28-438f-9a31-7e1967687792,,Medium,,,,ANDY JOHEL MENDOZA PARRAGA,712020:884f7e0f-7d28-438f-9a31-7e1967687792,ANDY JOHEL MENDOZA PARRAGA,712020:884f7e0f-7d28-438f-9a31-7e1967687792,09/ago/26 2:04 PM,09/ago/26 2:44 PM,,,,0,"RF asociado: RF-24
Caso de uso enlazado: CU-03 — Cargar documento veterinario y carnet de vacunación",,ANDY JOHEL MENDOZA PARRAGA,712020:884f7e0f-7d28-438f-9a31-7e1967687792,,,,,,,,,0|i00019:i,,,,"EV-15, EV-16",Must,,,,En curso,09/ago/26 2:44 PM,10002,KAN-3,E3 — Historial médico y veterinaria
Evaluar compatibilidad entre mascotas para cruza,KAN-23,10022,Historia,Análisis,KAN,MundiPets-PE4,software,ANDY JOHEL MENDOZA PARRAGA,712020:884f7e0f-7d28-438f-9a31-7e1967687792,,Medium,,,,ANDY JOHEL MENDOZA PARRAGA,712020:884f7e0f-7d28-438f-9a31-7e1967687792,ANDY JOHEL MENDOZA PARRAGA,712020:884f7e0f-7d28-438f-9a31-7e1967687792,09/ago/26 2:05 PM,09/ago/26 2:44 PM,09/ago/26 2:14 PM,,,0,"RF asociado: RF-06
Caso de uso enlazado: CU-06 — Evaluar compatibilidad de cruza",,ANDY JOHEL MENDOZA PARRAGA,712020:884f7e0f-7d28-438f-9a31-7e1967687792,,,,,,,,,0|i0001a:,,,,"EV-01 a EV-08, EV-11, EV-13, EV-14, EV-15, EV-16",Must,,,,En curso,09/ago/26 2:44 PM,10003,KAN-4,E4 — Cruza y compatibilidad
Consultar perfil completo de una mascota,KAN-7,10006,Historia,Análisis,KAN,MundiPets-PE4,software,ANDY JOHEL MENDOZA PARRAGA,712020:884f7e0f-7d28-438f-9a31-7e1967687792,,Medium,,,,ANDY JOHEL MENDOZA PARRAGA,712020:884f7e0f-7d28-438f-9a31-7e1967687792,ANDY JOHEL MENDOZA PARRAGA,712020:884f7e0f-7d28-438f-9a31-7e1967687792,09/ago/26 1:47 PM,09/ago/26 2:43 PM,09/ago/26 2:51 PM,,,0,"RF asociado: RF-03 

Caso de uso enlazado: CU-10 — Consultar perfil médico",,ANDY JOHEL MENDOZA PARRAGA,712020:884f7e0f-7d28-438f-9a31-7e1967687792,,,,,,,,,0|i0001b:,,,,"EV-02, EV-04, EV-05, EV-06, EV-07, EV-14",Must,,,,En curso,09/ago/26 2:43 PM,10000,KAN-1,E1 — Gestión de mascotas y perfiles
Registrar publicaciones de mascotas,KAN-9,10008,Historia,Aprobado,KAN,MundiPets-PE4,software,ANDY JOHEL MENDOZA PARRAGA,712020:884f7e0f-7d28-438f-9a31-7e1967687792,,Medium,,,,ANDY JOHEL MENDOZA PARRAGA,712020:884f7e0f-7d28-438f-9a31-7e1967687792,ANDY JOHEL MENDOZA PARRAGA,712020:884f7e0f-7d28-438f-9a31-7e1967687792,09/ago/26 1:48 PM,09/ago/26 2:44 PM,,,,0,"RF asociado: RF-13 

Caso de uso enlazado: CU-04 — Publicar mascota en adopción",,ANDY JOHEL MENDOZA PARRAGA,712020:884f7e0f-7d28-438f-9a31-7e1967687792,,,,,,,,,0|i0001f:,,,,"EV-01, EV-02, EV-04, EV-06, EV-07, EV-08",Must,,,,En curso,09/ago/26 2:43 PM,10000,KAN-1,E1 — Gestión de mascotas y perfiles
Gestionar solicitudes de adopción,KAN-13,10012,Historia,Desarrollo,KAN,MundiPets-PE4,software,ANDY JOHEL MENDOZA PARRAGA,712020:884f7e0f-7d28-438f-9a31-7e1967687792,,Medium,Listo,,,ANDY JOHEL MENDOZA PARRAGA,712020:884f7e0f-7d28-438f-9a31-7e1967687792,ANDY JOHEL MENDOZA PARRAGA,712020:884f7e0f-7d28-438f-9a31-7e1967687792,09/ago/26 1:59 PM,09/ago/26 2:44 PM,09/ago/26 2:50 PM,09/ago/26 2:44 PM,,0,"RF asociado: RF-05
Caso de uso enlazado: CU-04 — Publicar mascota en adopción",,ANDY JOHEL MENDOZA PARRAGA,712020:884f7e0f-7d28-438f-9a31-7e1967687792,,,,,,,,,0|i0001f:i,,,,"EV-01, EV-02, EV-03, EV-05, EV-06, EV-08",Must,,,,Listo,09/ago/26 2:44 PM,10001,KAN-2,E2 — Adopción y solicitudes
Consultar historial de procesos de adopción y cruza,KAN-14,10013,Historia,Aprobado,KAN,MundiPets-PE4,software,ANDY JOHEL MENDOZA PARRAGA,712020:884f7e0f-7d28-438f-9a31-7e1967687792,,Medium,,,,ANDY JOHEL MENDOZA PARRAGA,712020:884f7e0f-7d28-438f-9a31-7e1967687792,ANDY JOHEL MENDOZA PARRAGA,712020:884f7e0f-7d28-438f-9a31-7e1967687792,09/ago/26 1:59 PM,09/ago/26 2:44 PM,,,,0,"RF asociado: RF-15
Caso de uso enlazado: CU-07 — Consultar historial de procesos de adopción y cruza",,ANDY JOHEL MENDOZA PARRAGA,712020:884f7e0f-7d28-438f-9a31-7e1967687792,,,,,,,,,0|i0001f:r,,,,"EV-01, EV-02, EV-04, EV-06",Could,,,,En curso,09/ago/26 2:44 PM,10001,KAN-2,E2 — Adopción y solicitudes
Registrar identificador de microchip,KAN-11,10010,Historia,Análisis,KAN,MundiPets-PE4,software,ANDY JOHEL MENDOZA PARRAGA,712020:884f7e0f-7d28-438f-9a31-7e1967687792,,Medium,,,,ANDY JOHEL MENDOZA PARRAGA,712020:884f7e0f-7d28-438f-9a31-7e1967687792,ANDY JOHEL MENDOZA PARRAGA,712020:884f7e0f-7d28-438f-9a31-7e1967687792,09/ago/26 1:56 PM,09/ago/26 2:44 PM,,,,0,"RF asociado: RF-21 Prioridad

Caso de uso enlazado: CU-01 — Registrar mascota",,ANDY JOHEL MENDOZA PARRAGA,712020:884f7e0f-7d28-438f-9a31-7e1967687792,,,,,,,,,0|i0001g:,,,,EV-16,Should,,,,En curso,09/ago/26 2:44 PM,10000,KAN-1,E1 — Gestión de mascotas y perfiles
Validar imágenes,KAN-10,10009,Historia,Análisis,KAN,MundiPets-PE4,software,ANDY JOHEL MENDOZA PARRAGA,712020:884f7e0f-7d28-438f-9a31-7e1967687792,,Medium,,,,ANDY JOHEL MENDOZA PARRAGA,712020:884f7e0f-7d28-438f-9a31-7e1967687792,ANDY JOHEL MENDOZA PARRAGA,712020:884f7e0f-7d28-438f-9a31-7e1967687792,09/ago/26 1:55 PM,09/ago/26 2:43 PM,,,,0,"RF asociado: RF-17 

Caso de uso enlazado: CU-04 — Publicar mascota en adopción",,ANDY JOHEL MENDOZA PARRAGA,712020:884f7e0f-7d28-438f-9a31-7e1967687792,,,,,,,,,0|i0001h:,,,,"EV-01, EV-03, EV-05, EV-07, EV-08",Should,,,,En curso,09/ago/26 2:43 PM,10000,KAN-1,E1 — Gestión de mascotas y perfiles
Registrar mascota,KAN-6,10005,Historia,Hecho,KAN,MundiPets-PE4,software,ANDY JOHEL MENDOZA PARRAGA,712020:884f7e0f-7d28-438f-9a31-7e1967687792,,Medium,Listo,,,ANDY JOHEL MENDOZA PARRAGA,712020:884f7e0f-7d28-438f-9a31-7e1967687792,ANDY JOHEL MENDOZA PARRAGA,712020:884f7e0f-7d28-438f-9a31-7e1967687792,09/ago/26 1:46 PM,09/ago/26 2:44 PM,09/ago/26 2:49 PM,09/ago/26 2:44 PM,,0,"RF asociado: RF-01 Prioridad

Caso de uso enlazado: CU-01 — Registrar mascota",,ANDY JOHEL MENDOZA PARRAGA,712020:884f7e0f-7d28-438f-9a31-7e1967687792,,,,,,,,,0|i0001i:,,,," EV-02, EV-03, EV-05, EV-06, EV-07, EV-08",Must,,,,Listo,09/ago/26 2:44 PM,10000,KAN-1,E1 — Gestión de mascotas y perfiles
Gestionar flujo de solicitud de adopción por etapas,KAN-15,10014,Historia,Backlog,KAN,MundiPets-PE4,software,ANDY JOHEL MENDOZA PARRAGA,712020:884f7e0f-7d28-438f-9a31-7e1967687792,,Medium,,,,ANDY JOHEL MENDOZA PARRAGA,712020:884f7e0f-7d28-438f-9a31-7e1967687792,ANDY JOHEL MENDOZA PARRAGA,712020:884f7e0f-7d28-438f-9a31-7e1967687792,09/ago/26 2:00 PM,09/ago/26 2:00 PM,,,,0,"RF asociado: RF-18
Caso de uso enlazado: CU-04 — Publicar mascota en adopción",,ANDY JOHEL MENDOZA PARRAGA,712020:884f7e0f-7d28-438f-9a31-7e1967687792,,,,,,,,,0|i00033:,,,,"EV-11, EV-16",Must,,,,Por hacer,09/ago/26 2:00 PM,10001,KAN-2,E2 — Adopción y solicitudes
Coordinar encuentros de socialización supervisados,KAN-16,10015,Historia,Backlog,KAN,MundiPets-PE4,software,ANDY JOHEL MENDOZA PARRAGA,712020:884f7e0f-7d28-438f-9a31-7e1967687792,,Medium,,,,ANDY JOHEL MENDOZA PARRAGA,712020:884f7e0f-7d28-438f-9a31-7e1967687792,ANDY JOHEL MENDOZA PARRAGA,712020:884f7e0f-7d28-438f-9a31-7e1967687792,09/ago/26 2:00 PM,09/ago/26 2:01 PM,,,,0,"RF asociado: RF-20
Caso de uso enlazado: (sin CU asignado — requisito huérfano, reportar en matriz)",,ANDY JOHEL MENDOZA PARRAGA,712020:884f7e0f-7d28-438f-9a31-7e1967687792,,,,,,,,,0|i0003b:,,,,EV-13,Could,,,,Por hacer,09/ago/26 2:01 PM,10001,KAN-2,E2 — Adopción y solicitudes
Dar seguimiento post-adopción,KAN-17,10016,Historia,Backlog,KAN,MundiPets-PE4,software,ANDY JOHEL MENDOZA PARRAGA,712020:884f7e0f-7d28-438f-9a31-7e1967687792,,Medium,,,,ANDY JOHEL MENDOZA PARRAGA,712020:884f7e0f-7d28-438f-9a31-7e1967687792,ANDY JOHEL MENDOZA PARRAGA,712020:884f7e0f-7d28-438f-9a31-7e1967687792,09/ago/26 2:01 PM,09/ago/26 2:01 PM,,,,0,"RF asociado: RF-22
Caso de uso enlazado: CU-07 — Consultar historial de procesos de adopción y cruza",,ANDY JOHEL MENDOZA PARRAGA,712020:884f7e0f-7d28-438f-9a31-7e1967687792,,,,,,,,,0|i0003j:,,,,"EV-16, EV-10",Must,,,,Por hacer,09/ago/26 2:01 PM,10001,KAN-2,E2 — Adopción y solicitudes
Emitir alertas de riesgo sanitario o físico,KAN-18,10017,Historia,Backlog,KAN,MundiPets-PE4,software,ANDY JOHEL MENDOZA PARRAGA,712020:884f7e0f-7d28-438f-9a31-7e1967687792,,Medium,,,,ANDY JOHEL MENDOZA PARRAGA,712020:884f7e0f-7d28-438f-9a31-7e1967687792,ANDY JOHEL MENDOZA PARRAGA,712020:884f7e0f-7d28-438f-9a31-7e1967687792,09/ago/26 2:02 PM,09/ago/26 2:02 PM,,,,0,"RF asociado: RF-23
Caso de uso enlazado: CU-06 — Evaluar compatibilidad de cruza",,ANDY JOHEL MENDOZA PARRAGA,712020:884f7e0f-7d28-438f-9a31-7e1967687792,,,,,,,,,0|i0003r:,,,,"EV-09, EV-12, EV-15, EV-18",Must,,,,Por hacer,09/ago/26 2:02 PM,10001,KAN-2,E2 — Adopción y solicitudes
Gestionar historial médico de la mascota,KAN-19,10018,Historia,Backlog,KAN,MundiPets-PE4,software,ANDY JOHEL MENDOZA PARRAGA,712020:884f7e0f-7d28-438f-9a31-7e1967687792,,Medium,,,,ANDY JOHEL MENDOZA PARRAGA,712020:884f7e0f-7d28-438f-9a31-7e1967687792,ANDY JOHEL MENDOZA PARRAGA,712020:884f7e0f-7d28-438f-9a31-7e1967687792,09/ago/26 2:03 PM,09/ago/26 2:03 PM,09/ago/26 2:12 PM,,,0,"RF asociado: RF-02
Caso de uso enlazado: CU-02 — Registrar historial médico y antecedentes genéticos",,ANDY JOHEL MENDOZA PARRAGA,712020:884f7e0f-7d28-438f-9a31-7e1967687792,,,,,,,,,0|i0003z:,,,,"EV-01, EV-02, EV-03, EV-04, EV-05, EV-06, EV-07, EV-15, EV-16",Must,,,,Por hacer,09/ago/26 2:03 PM,10002,KAN-3,E3 — Historial médico y veterinaria
Validar información médica de una mascota,KAN-20,10019,Historia,Backlog,KAN,MundiPets-PE4,software,ANDY JOHEL MENDOZA PARRAGA,712020:884f7e0f-7d28-438f-9a31-7e1967687792,,Medium,,,,ANDY JOHEL MENDOZA PARRAGA,712020:884f7e0f-7d28-438f-9a31-7e1967687792,ANDY JOHEL MENDOZA PARRAGA,712020:884f7e0f-7d28-438f-9a31-7e1967687792,09/ago/26 2:03 PM,09/ago/26 2:03 PM,,,,0,"RF asociado: RF-09
Caso de uso enlazado: CU-09 — Validar información médica",,ANDY JOHEL MENDOZA PARRAGA,712020:884f7e0f-7d28-438f-9a31-7e1967687792,,,,,,,,,0|i00047:,,,,"EV-03, EV-05, EV-07, EV-15, EV-16",Must,,,,Por hacer,09/ago/26 2:03 PM,10002,KAN-3,E3 — Historial médico y veterinaria
Gestionar carnet de vacunación,KAN-21,10020,Historia,Backlog,KAN,MundiPets-PE4,software,ANDY JOHEL MENDOZA PARRAGA,712020:884f7e0f-7d28-438f-9a31-7e1967687792,,Medium,,,,ANDY JOHEL MENDOZA PARRAGA,712020:884f7e0f-7d28-438f-9a31-7e1967687792,ANDY JOHEL MENDOZA PARRAGA,712020:884f7e0f-7d28-438f-9a31-7e1967687792,09/ago/26 2:04 PM,09/ago/26 2:04 PM,,,,0,"RF asociado: RF-14
Caso de uso enlazado: CU-03 — Cargar documento veterinario y carnet de vacunación",,ANDY JOHEL MENDOZA PARRAGA,712020:884f7e0f-7d28-438f-9a31-7e1967687792,,,,,,,,,0|i0004f:,,,,"EV-02, EV-03, EV-05, EV-06, EV-07, EV-10, EV-16, EV-18",Must,,,,Por hacer,09/ago/26 2:04 PM,10002,KAN-3,E3 — Historial médico y veterinaria
Gestionar solicitudes de cruza,KAN-24,10023,Historia,Backlog,KAN,MundiPets-PE4,software,ANDY JOHEL MENDOZA PARRAGA,712020:884f7e0f-7d28-438f-9a31-7e1967687792,,Medium,,,,ANDY JOHEL MENDOZA PARRAGA,712020:884f7e0f-7d28-438f-9a31-7e1967687792,ANDY JOHEL MENDOZA PARRAGA,712020:884f7e0f-7d28-438f-9a31-7e1967687792,09/ago/26 2:05 PM,09/ago/26 2:05 PM,,,,0,"RF asociado: RF-08
Caso de uso enlazado: CU-05 — Publicar mascota para cruza y gestionar solicitud",,ANDY JOHEL MENDOZA PARRAGA,712020:884f7e0f-7d28-438f-9a31-7e1967687792,,,,,,,,,0|i00053:,,,,"EV-01, EV-02, EV-03, EV-05, EV-06, EV-07",Must,,,,Por hacer,09/ago/26 2:05 PM,10003,KAN-4,E4 — Cruza y compatibilidad
Gestionar antecedentes genéticos y parentesco,KAN-25,10024,Historia,Backlog,KAN,MundiPets-PE4,software,ANDY JOHEL MENDOZA PARRAGA,712020:884f7e0f-7d28-438f-9a31-7e1967687792,,Medium,,,,ANDY JOHEL MENDOZA PARRAGA,712020:884f7e0f-7d28-438f-9a31-7e1967687792,ANDY JOHEL MENDOZA PARRAGA,712020:884f7e0f-7d28-438f-9a31-7e1967687792,09/ago/26 2:06 PM,09/ago/26 2:06 PM,,,,0,"RF asociado: RF-16
Caso de uso enlazado: CU-13 — Evaluar compatibilidad de cruza (verificación de parentesco)",,ANDY JOHEL MENDOZA PARRAGA,712020:884f7e0f-7d28-438f-9a31-7e1967687792,,,,,,,,,0|i0005b:,,,,"EV-01, EV-03, EV-05, EV-07, EV-14, EV-15",Must,,,,Por hacer,09/ago/26 2:06 PM,10003,KAN-4,E4 — Cruza y compatibilidad
Validar certificados veterinarios antes de cruza,KAN-26,10025,Historia,Backlog,KAN,MundiPets-PE4,software,ANDY JOHEL MENDOZA PARRAGA,712020:884f7e0f-7d28-438f-9a31-7e1967687792,,Medium,,,,ANDY JOHEL MENDOZA PARRAGA,712020:884f7e0f-7d28-438f-9a31-7e1967687792,ANDY JOHEL MENDOZA PARRAGA,712020:884f7e0f-7d28-438f-9a31-7e1967687792,09/ago/26 2:06 PM,09/ago/26 2:06 PM,,,,0,"RF asociado: RF-19
Caso de uso enlazado: CU-06 — Evaluar compatibilidad de cruza",,ANDY JOHEL MENDOZA PARRAGA,712020:884f7e0f-7d28-438f-9a31-7e1967687792,,,,,,,,,0|i0005j:,,,,EV-11,Should,,,,Por hacer,09/ago/26 2:06 PM,10003,KAN-4,E4 — Cruza y compatibilidad
Administrar la privacidad de la información,KAN-27,10026,Historia,Backlog,KAN,MundiPets-PE4,software,ANDY JOHEL MENDOZA PARRAGA,712020:884f7e0f-7d28-438f-9a31-7e1967687792,,Medium,,,,ANDY JOHEL MENDOZA PARRAGA,712020:884f7e0f-7d28-438f-9a31-7e1967687792,ANDY JOHEL MENDOZA PARRAGA,712020:884f7e0f-7d28-438f-9a31-7e1967687792,09/ago/26 2:07 PM,09/ago/26 2:07 PM,,,,0,"RF asociado: RF-11
Caso de uso enlazado: CU-12 — Configurar privacidad médica",,ANDY JOHEL MENDOZA PARRAGA,712020:884f7e0f-7d28-438f-9a31-7e1967687792,,,,,,,,,0|i0005r:,,,,"EV-02, EV-05, EV-06, EV-07, EV-08, EV-09, EV-10, EV-14, EV-18",Must,,,,Por hacer,09/ago/26 2:07 PM,10004,KAN-5,"E5 — Cuenta, privacidad y comunicación"
Verificar la identidad de los usuarios,KAN-28,10027,Historia,Backlog,KAN,MundiPets-PE4,software,ANDY JOHEL MENDOZA PARRAGA,712020:884f7e0f-7d28-438f-9a31-7e1967687792,,Medium,,,,ANDY JOHEL MENDOZA PARRAGA,712020:884f7e0f-7d28-438f-9a31-7e1967687792,ANDY JOHEL MENDOZA PARRAGA,712020:884f7e0f-7d28-438f-9a31-7e1967687792,09/ago/26 2:07 PM,09/ago/26 2:07 PM,,,,0,"RF asociado: RF-12
Caso de uso enlazado: CU-09 — Validar información médica",,ANDY JOHEL MENDOZA PARRAGA,712020:884f7e0f-7d28-438f-9a31-7e1967687792,,,,,,,,,0|i0005z:,,,,"EV-01, EV-03, EV-07, EV-08, EV-09",Must,,,,Por hacer,09/ago/26 2:07 PM,10004,KAN-5,"E5 — Cuenta, privacidad y comunicación"
Sistema de mensajería entre usuarios,KAN-29,10028,Historia,Backlog,KAN,MundiPets-PE4,software,ANDY JOHEL MENDOZA PARRAGA,712020:884f7e0f-7d28-438f-9a31-7e1967687792,,Medium,,,,ANDY JOHEL MENDOZA PARRAGA,712020:884f7e0f-7d28-438f-9a31-7e1967687792,ANDY JOHEL MENDOZA PARRAGA,712020:884f7e0f-7d28-438f-9a31-7e1967687792,09/ago/26 2:08 PM,09/ago/26 2:08 PM,,,,0,"RF asociado: RF-07
Caso de uso enlazado: CU-08 — Gestionar comunicación entre usuarios",,ANDY JOHEL MENDOZA PARRAGA,712020:884f7e0f-7d28-438f-9a31-7e1967687792,,,,,,,,,0|i00067:,,,,"EV-02, EV-07, EV-08",Could,,,,Por hacer,09/ago/26 2:08 PM,10004,KAN-5,"E5 — Cuenta, privacidad y comunicación"
Gestionar recordatorios de controles preventivos,KAN-30,10029,Historia,Backlog,KAN,MundiPets-PE4,software,ANDY JOHEL MENDOZA PARRAGA,712020:884f7e0f-7d28-438f-9a31-7e1967687792,,Medium,,,,ANDY JOHEL MENDOZA PARRAGA,712020:884f7e0f-7d28-438f-9a31-7e1967687792,ANDY JOHEL MENDOZA PARRAGA,712020:884f7e0f-7d28-438f-9a31-7e1967687792,09/ago/26 2:09 PM,09/ago/26 2:09 PM,,,,0,"RF asociado: RF-10
Caso de uso enlazado: (sin CU asignado — requisito huérfano, reportar en matriz)",,ANDY JOHEL MENDOZA PARRAGA,712020:884f7e0f-7d28-438f-9a31-7e1967687792,,,,,,,,,0|i0006f:,,,,"EV-02, EV-04, EV-06, EV-11",Should,,,,Por hacer,09/ago/26 2:09 PM,10004,KAN-5,"E5 — Cuenta, privacidad y comunicación"
"Verificar que el formulario exige nombre, especie, raza, sexo, edad y estado reproductivo.",KAN-32,10031,Subtarea,Backlog,KAN,MundiPets-PE4,software,ANDY JOHEL MENDOZA PARRAGA,712020:884f7e0f-7d28-438f-9a31-7e1967687792,,Medium,,,,ANDY JOHEL MENDOZA PARRAGA,712020:884f7e0f-7d28-438f-9a31-7e1967687792,ANDY JOHEL MENDOZA PARRAGA,712020:884f7e0f-7d28-438f-9a31-7e1967687792,09/ago/26 2:11 PM,09/ago/26 2:11 PM,,,,0,,,ANDY JOHEL MENDOZA PARRAGA,712020:884f7e0f-7d28-438f-9a31-7e1967687792,,,,,,,,,0|i0006v:,,,,,,,,,Por hacer,09/ago/26 2:11 PM,10005,KAN-6,Registrar mascota
Verificar que el perfil queda almacenado y es consultable inmediatamente tras el registro.,KAN-33,10032,Subtarea,Backlog,KAN,MundiPets-PE4,software,ANDY JOHEL MENDOZA PARRAGA,712020:884f7e0f-7d28-438f-9a31-7e1967687792,,Medium,,,,ANDY JOHEL MENDOZA PARRAGA,712020:884f7e0f-7d28-438f-9a31-7e1967687792,ANDY JOHEL MENDOZA PARRAGA,712020:884f7e0f-7d28-438f-9a31-7e1967687792,09/ago/26 2:12 PM,09/ago/26 2:12 PM,,,,0,,,ANDY JOHEL MENDOZA PARRAGA,712020:884f7e0f-7d28-438f-9a31-7e1967687792,,,,,,,,,0|i00073:,,,,,,,,,Por hacer,09/ago/26 2:12 PM,10005,KAN-6,Registrar mascota
"Verificar que se puede registrar una vacuna con fecha de aplicación, cepa y aplicador.",KAN-34,10033,Subtarea,Backlog,KAN,MundiPets-PE4,software,ANDY JOHEL MENDOZA PARRAGA,712020:884f7e0f-7d28-438f-9a31-7e1967687792,,Medium,,,,ANDY JOHEL MENDOZA PARRAGA,712020:884f7e0f-7d28-438f-9a31-7e1967687792,ANDY JOHEL MENDOZA PARRAGA,712020:884f7e0f-7d28-438f-9a31-7e1967687792,09/ago/26 2:12 PM,09/ago/26 2:12 PM,,,,0,,,ANDY JOHEL MENDOZA PARRAGA,712020:884f7e0f-7d28-438f-9a31-7e1967687792,,,,,,,,,0|i0007b:,,,,,,,,,Por hacer,09/ago/26 2:12 PM,10018,KAN-19,Gestionar historial médico de la mascota
Verificar que el historial actualizado es visible para usuarios autorizados.,KAN-35,10034,Subtarea,Backlog,KAN,MundiPets-PE4,software,ANDY JOHEL MENDOZA PARRAGA,712020:884f7e0f-7d28-438f-9a31-7e1967687792,,Medium,,,,ANDY JOHEL MENDOZA PARRAGA,712020:884f7e0f-7d28-438f-9a31-7e1967687792,ANDY JOHEL MENDOZA PARRAGA,712020:884f7e0f-7d28-438f-9a31-7e1967687792,09/ago/26 2:13 PM,09/ago/26 2:13 PM,,,,0,,,ANDY JOHEL MENDOZA PARRAGA,712020:884f7e0f-7d28-438f-9a31-7e1967687792,,,,,,,,,0|i0007j:,,,,,,,,,Por hacer,09/ago/26 2:13 PM,10018,KAN-19,Gestionar historial médico de la mascota
"Verificar que el perfil muestra datos generales, historial médico y fotografías.",KAN-36,10035,Subtarea,Backlog,KAN,MundiPets-PE4,software,ANDY JOHEL MENDOZA PARRAGA,712020:884f7e0f-7d28-438f-9a31-7e1967687792,,Medium,,,,ANDY JOHEL MENDOZA PARRAGA,712020:884f7e0f-7d28-438f-9a31-7e1967687792,ANDY JOHEL MENDOZA PARRAGA,712020:884f7e0f-7d28-438f-9a31-7e1967687792,09/ago/26 2:13 PM,09/ago/26 2:13 PM,,,,0,,,ANDY JOHEL MENDOZA PARRAGA,712020:884f7e0f-7d28-438f-9a31-7e1967687792,,,,,,,,,0|i0007r:,,,,,,,,,Por hacer,09/ago/26 2:13 PM,10006,KAN-7,Consultar perfil completo de una mascota
Verificar que un usuario no autorizado no ve datos de contacto ni ubicación exacta (RNF-16),KAN-37,10036,Subtarea,Backlog,KAN,MundiPets-PE4,software,ANDY JOHEL MENDOZA PARRAGA,712020:884f7e0f-7d28-438f-9a31-7e1967687792,,Medium,,,,ANDY JOHEL MENDOZA PARRAGA,712020:884f7e0f-7d28-438f-9a31-7e1967687792,ANDY JOHEL MENDOZA PARRAGA,712020:884f7e0f-7d28-438f-9a31-7e1967687792,09/ago/26 2:13 PM,09/ago/26 2:13 PM,,,,0,,,ANDY JOHEL MENDOZA PARRAGA,712020:884f7e0f-7d28-438f-9a31-7e1967687792,,,,,,,,,0|i0007z:,,,,,,,,,Por hacer,09/ago/26 2:13 PM,10006,KAN-7,Consultar perfil completo de una mascota
Verificar que el adoptante puede enviar una solicitud con su información de perfil.,KAN-38,10037,Subtarea,Backlog,KAN,MundiPets-PE4,software,ANDY JOHEL MENDOZA PARRAGA,712020:884f7e0f-7d28-438f-9a31-7e1967687792,,Medium,,,,ANDY JOHEL MENDOZA PARRAGA,712020:884f7e0f-7d28-438f-9a31-7e1967687792,ANDY JOHEL MENDOZA PARRAGA,712020:884f7e0f-7d28-438f-9a31-7e1967687792,09/ago/26 2:14 PM,09/ago/26 2:14 PM,,,,0,,,ANDY JOHEL MENDOZA PARRAGA,712020:884f7e0f-7d28-438f-9a31-7e1967687792,,,,,,,,,0|i00087:,,,,,,,,,Por hacer,09/ago/26 2:14 PM,10012,KAN-13,Gestionar solicitudes de adopción
Verificar que el propietario (o refugio) puede aceptar o rechazar la solicitud,KAN-39,10038,Subtarea,Backlog,KAN,MundiPets-PE4,software,ANDY JOHEL MENDOZA PARRAGA,712020:884f7e0f-7d28-438f-9a31-7e1967687792,,Medium,,,,ANDY JOHEL MENDOZA PARRAGA,712020:884f7e0f-7d28-438f-9a31-7e1967687792,ANDY JOHEL MENDOZA PARRAGA,712020:884f7e0f-7d28-438f-9a31-7e1967687792,09/ago/26 2:14 PM,09/ago/26 2:14 PM,,,,0,,,ANDY JOHEL MENDOZA PARRAGA,712020:884f7e0f-7d28-438f-9a31-7e1967687792,,,,,,,,,0|i0008f:,,,,,,,,,Por hacer,09/ago/26 2:14 PM,10012,KAN-13,Gestionar solicitudes de adopción
Verificar que el sistema calcula un resultado de compatibilidad a partir de antecedentes genéticos.,KAN-40,10039,Subtarea,Backlog,KAN,MundiPets-PE4,software,ANDY JOHEL MENDOZA PARRAGA,712020:884f7e0f-7d28-438f-9a31-7e1967687792,,Medium,,,,ANDY JOHEL MENDOZA PARRAGA,712020:884f7e0f-7d28-438f-9a31-7e1967687792,ANDY JOHEL MENDOZA PARRAGA,712020:884f7e0f-7d28-438f-9a31-7e1967687792,09/ago/26 2:14 PM,09/ago/26 2:14 PM,,,,0,,,ANDY JOHEL MENDOZA PARRAGA,712020:884f7e0f-7d28-438f-9a31-7e1967687792,,,,,,,,,0|i0008n:,,,,,,,,,Por hacer,09/ago/26 2:14 PM,10022,KAN-23,Evaluar compatibilidad entre mascotas para cruza
Verificar que se muestra una explicación causal del resultado en máximo 60 palabras (RNF-13).,KAN-41,10040,Subtarea,Backlog,KAN,MundiPets-PE4,software,ANDY JOHEL MENDOZA PARRAGA,712020:884f7e0f-7d28-438f-9a31-7e1967687792,,Medium,,,,ANDY JOHEL MENDOZA PARRAGA,712020:884f7e0f-7d28-438f-9a31-7e1967687792,ANDY JOHEL MENDOZA PARRAGA,712020:884f7e0f-7d28-438f-9a31-7e1967687792,09/ago/26 2:14 PM,09/ago/26 2:14 PM,,,,0,,,ANDY JOHEL MENDOZA PARRAGA,712020:884f7e0f-7d28-438f-9a31-7e1967687792,,,,,,,,,0|i0008v:,,,,,,,,,Por hacer,09/ago/26 2:14 PM,10022,KAN-23,Evaluar compatibilidad entre mascotas para cruza
